{"cameraMode":{"drawMode":0,"name":"Shaded","section":"Shading Mode"},"sceneLighting":true,"audioPlay":false,"sceneViewState":{"m_AlwaysRefresh":false,"showFog":true,"showSkybox":true,"showFlares":true,"showImageEffects":true,"showParticleSystems":true,"showVisualEffectGraphs":true,"m_FxEnabled":true},"in2DMode":false,"pivot":{"x":-2.746725082397461,"y":-0.24910372495651246,"z":3.2648730278015138},"rotation":{"x":-0.14979776740074159,"y":0.3477729856967926,"z":-0.05639112368226051,"w":-0.9238505363464356},"size":3.2726528644561769,"orthographic":false}